{"k":10,"total":150,"hitRateAtK":0.9466666666666667,"recallAtK":0.26077589077589064,"mrr":0.7272407407407407,"byGroup":[{"group":"real-keyword","n":50,"hitRateAtK":0.84,"recallAtK":0.17981751581751584,"mrr":0.4833888888888888},{"group":"synthetic-keyword","n":50,"hitRateAtK":1,"recallAtK":0.30696891996892,"mrr":0.7870000000000001},{"group":"synthetic-question","n":50,"hitRateAtK":1,"recallAtK":0.2955412365412364,"mrr":0.9113333333333334}],"summary":"Retrieval@10 — hit-rate 95% · recall 26% · MRR 0,727 (n=150; recall e hit-rate divergem quando há múltiplas fontes esperadas)\n  per-group: real-keyword (n=50): hit-rate 84% · recall 18% · MRR 0,483 | synthetic-keyword (n=50): hit-rate 100% · recall 31% · MRR 0,787 | synthetic-question (n=50): hit-rate 100% · recall 30% · MRR 0,911"}